{
  "created_at": "2025-08-13T13:07:42.109320",
  "dpi": 144,
  "norm_rects": {
    "b/l(awb)번호": [
      0.118,
      0.14337931034482757,
      0.33599999999999997,
      0.15891795481569557
    ],
    "국내도착항": [
      0.644,
      0.23025445897740782,
      0.7929999999999999,
      0.247205707491082
    ],
    "신고일": [
      0.283,
      0.11583353151010702,
      0.422,
      0.12925326991676575
    ],
    "환율": [
      0.79,
      0.6490915576694412,
      0.906,
      0.6667491082045184
    ],
    "세율(구분)": [
      0.15799999999999997,
      0.5678668252080856,
      0.31599999999999995,
      0.5812865636147443
    ],
    "부가가치세 과표": [
      0.79,
      0.6794625445897741,
      0.9069999999999999,
      0.6950011890606421
    ],
    "관세": [
      0.19899999999999998,
      0.7070083234244946,
      0.31599999999999995,
      0.7211343638525564
    ],
    "부가가치세": [
      0.19899999999999998,
      0.7889393579072532,
      0.31599999999999995,
      0.802359096313912
    ],
    "신고번호": [
      0.10899999999999999,
      0.11442092746730083,
      0.26599999999999996,
      0.1306658739595719
    ]
  }
}