{
  "created_at": "2025-08-13T13:10:13.928993",
  "dpi": 144,
  "norm_rects": {
    "b/l(awb)번호": [
      0.11599999999999999,
      0.14337931034482757,
      0.33499999999999996,
      0.1582116527942925
    ],
    "국내도착항": [
      0.7199999999999999,
      0.21824732461355528,
      0.7929999999999999,
      0.23166706302021403
    ],
    "신고일": [
      0.27799999999999997,
      0.11795243757431628,
      0.424,
      0.12995957193816884
    ],
    "환율": [
      0.79,
      0.6497978596908442,
      0.9049999999999999,
      0.6646302021403091
    ],
    "세율(구분)": [
      0.15799999999999997,
      0.5671605231866825,
      0.315,
      0.579167657550535
    ],
    "부가가치세 과표": [
      0.7909999999999999,
      0.680168846611177,
      0.9079999999999999,
      0.6928822829964327
    ],
    "관세": [
      0.19899999999999998,
      0.7091272294887039,
      0.315,
      0.7204280618311534
    ],
    "부가가치세": [
      0.19999999999999998,
      0.7896456599286563,
      0.31599999999999995,
      0.8016527942925088
    ],
    "신고번호": [
      0.10999999999999999,
      0.11371462544589774,
      0.265,
      0.1306658739595719
    ]
  }
}